{
	"start":	{
		"connected":	[{
				"socket":	5,
				"local_host":	"192.168.0.140",
				"local_port":	5201,
				"remote_host":	"192.168.0.118",
				"remote_port":	56116
			}],
		"version":	"iperf 3.16",
		"system_info":	"Linux nixos 6.1.79 #1-NixOS SMP PREEMPT_DYNAMIC Fri Feb 23 08:12:53 UTC 2024 x86_64",
		"target_bitrate":	100000000,
		"timestamp":	{
			"time":	"Sat, 20 Apr 2024 00:15:23 GMT",
			"timesecs":	1713572123
		},
		"accepted_connection":	{
			"host":	"192.168.0.118",
			"port":	43234
		},
		"cookie":	"c6xhcchk5rmyazowvnek6d3d6uzkfroxoag4",
		"target_bitrate":	100000000,
		"fq_rate":	0,
		"sock_bufsize":	0,
		"sndbuf_actual":	212992,
		"rcvbuf_actual":	212992,
		"test_start":	{
			"protocol":	"UDP",
			"num_streams":	1,
			"blksize":	128,
			"omit":	0,
			"duration":	30,
			"bytes":	0,
			"blocks":	0,
			"reverse":	0,
			"tos":	0,
			"target_bitrate":	100000000,
			"bidir":	0,
			"fqrate":	0
		}
	},
	"intervals":	[{
			"streams":	[{
					"socket":	5,
					"start":	0,
					"end":	1.000037,
					"seconds":	1.0000369548797607,
					"bytes":	3454592,
					"bits_per_second":	27635714.725485217,
					"jitter_ms":	0.083472844482936778,
					"lost_packets":	36557,
					"packets":	63546,
					"lost_percent":	57.528404620275076,
					"omitted":	false,
					"sender":	false
				}],
			"sum":	{
				"start":	0,
				"end":	1.000037,
				"seconds":	1.0000369548797607,
				"bytes":	3454592,
				"bits_per_second":	27635714.725485217,
				"jitter_ms":	0.083472844482936778,
				"lost_packets":	36557,
				"packets":	63546,
				"lost_percent":	57.528404620275076,
				"omitted":	false,
				"sender":	false
			}
		}, {
			"streams":	[{
					"socket":	5,
					"start":	1.000037,
					"end":	2.000037,
					"seconds":	1,
					"bytes":	3465344,
					"bits_per_second":	27722752,
					"jitter_ms":	0.068003478245056162,
					"lost_packets":	37355,
					"packets":	64428,
					"lost_percent":	57.97944992860247,
					"omitted":	false,
					"sender":	false
				}],
			"sum":	{
				"start":	1.000037,
				"end":	2.000037,
				"seconds":	1,
				"bytes":	3465344,
				"bits_per_second":	27722752,
				"jitter_ms":	0.068003478245056162,
				"lost_packets":	37355,
				"packets":	64428,
				"lost_percent":	57.97944992860247,
				"omitted":	false,
				"sender":	false
			}
		}, {
			"streams":	[{
					"socket":	5,
					"start":	2.000037,
					"end":	3.000039,
					"seconds":	1.0000020265579224,
					"bytes":	3460480,
					"bits_per_second":	27683783.897208422,
					"jitter_ms":	0.072639948018851458,
					"lost_packets":	37389,
					"packets":	64424,
					"lost_percent":	58.0358251583261,
					"omitted":	false,
					"sender":	false
				}],
			"sum":	{
				"start":	2.000037,
				"end":	3.000039,
				"seconds":	1.0000020265579224,
				"bytes":	3460480,
				"bits_per_second":	27683783.897208422,
				"jitter_ms":	0.072639948018851458,
				"lost_packets":	37389,
				"packets":	64424,
				"lost_percent":	58.0358251583261,
				"omitted":	false,
				"sender":	false
			}
		}, {
			"streams":	[{
					"socket":	5,
					"start":	3.000039,
					"end":	4.000142,
					"seconds":	1.0001029968261719,
					"bytes":	3407232,
					"bits_per_second":	27255048.816474743,
					"jitter_ms":	0.0483436515966215,
					"lost_packets":	36873,
					"packets":	63492,
					"lost_percent":	58.075033075033076,
					"omitted":	false,
					"sender":	false
				}],
			"sum":	{
				"start":	3.000039,
				"end":	4.000142,
				"seconds":	1.0001029968261719,
				"bytes":	3407232,
				"bits_per_second":	27255048.816474743,
				"jitter_ms":	0.0483436515966215,
				"lost_packets":	36873,
				"packets":	63492,
				"lost_percent":	58.075033075033076,
				"omitted":	false,
				"sender":	false
			}
		}, {
			"streams":	[{
					"socket":	5,
					"start":	4.000142,
					"end":	5.000046,
					"seconds":	0.999903976917267,
					"bytes":	1183744,
					"bits_per_second":	9470861.42130981,
					"jitter_ms":	0.2376458117767519,
					"lost_packets":	54131,
					"packets":	63379,
					"lost_percent":	85.408416036857631,
					"omitted":	false,
					"sender":	false
				}],
			"sum":	{
				"start":	4.000142,
				"end":	5.000046,
				"seconds":	0.999903976917267,
				"bytes":	1183744,
				"bits_per_second":	9470861.42130981,
				"jitter_ms":	0.2376458117767519,
				"lost_packets":	54131,
				"packets":	63379,
				"lost_percent":	85.408416036857631,
				"omitted":	false,
				"sender":	false
			}
		}, {
			"streams":	[{
					"socket":	5,
					"start":	5.000046,
					"end":	6.000006,
					"seconds":	0.99996000528335571,
					"bytes":	1730304,
					"bits_per_second":	13842985.646288434,
					"jitter_ms":	0.054713489148274355,
					"lost_packets":	52894,
					"packets":	66412,
					"lost_percent":	79.645244835270731,
					"omitted":	false,
					"sender":	false
				}],
			"sum":	{
				"start":	5.000046,
				"end":	6.000006,
				"seconds":	0.99996000528335571,
				"bytes":	1730304,
				"bits_per_second":	13842985.646288434,
				"jitter_ms":	0.054713489148274355,
				"lost_packets":	52894,
				"packets":	66412,
				"lost_percent":	79.645244835270731,
				"omitted":	false,
				"sender":	false
			}
		}, {
			"streams":	[{
					"socket":	5,
					"start":	6.000006,
					"end":	7.000045,
					"seconds":	1.0000389814376831,
					"bytes":	1865088,
					"bits_per_second":	14920122.392178744,
					"jitter_ms":	0.18434220703930657,
					"lost_packets":	48667,
					"packets":	63238,
					"lost_percent":	76.9584743350517,
					"omitted":	false,
					"sender":	false
				}],
			"sum":	{
				"start":	6.000006,
				"end":	7.000045,
				"seconds":	1.0000389814376831,
				"bytes":	1865088,
				"bits_per_second":	14920122.392178744,
				"jitter_ms":	0.18434220703930657,
				"lost_packets":	48667,
				"packets":	63238,
				"lost_percent":	76.9584743350517,
				"omitted":	false,
				"sender":	false
			}
		}, {
			"streams":	[{
					"socket":	5,
					"start":	7.000045,
					"end":	8.000071,
					"seconds":	1.0000259876251221,
					"bytes":	3182592,
					"bits_per_second":	25460074.353132132,
					"jitter_ms":	0.050395048170066965,
					"lost_packets":	40778,
					"packets":	65642,
					"lost_percent":	62.121812254349351,
					"omitted":	false,
					"sender":	false
				}],
			"sum":	{
				"start":	7.000045,
				"end":	8.000071,
				"seconds":	1.0000259876251221,
				"bytes":	3182592,
				"bits_per_second":	25460074.353132132,
				"jitter_ms":	0.050395048170066965,
				"lost_packets":	40778,
				"packets":	65642,
				"lost_percent":	62.121812254349351,
				"omitted":	false,
				"sender":	false
			}
		}, {
			"streams":	[{
					"socket":	5,
					"start":	8.000071,
					"end":	9.000038,
					"seconds":	0.99996697902679443,
					"bytes":	3458048,
					"bits_per_second":	27665297.53504863,
					"jitter_ms":	0.0513725898685175,
					"lost_packets":	37416,
					"packets":	64432,
					"lost_percent":	58.070523963248078,
					"omitted":	false,
					"sender":	false
				}],
			"sum":	{
				"start":	8.000071,
				"end":	9.000038,
				"seconds":	0.99996697902679443,
				"bytes":	3458048,
				"bits_per_second":	27665297.53504863,
				"jitter_ms":	0.0513725898685175,
				"lost_packets":	37416,
				"packets":	64432,
				"lost_percent":	58.070523963248078,
				"omitted":	false,
				"sender":	false
			}
		}, {
			"streams":	[{
					"socket":	5,
					"start":	9.000038,
					"end":	10.000142,
					"seconds":	1.0001039505004883,
					"bytes":	3024640,
					"bits_per_second":	24194604.958705425,
					"jitter_ms":	0.0550846442011919,
					"lost_packets":	39864,
					"packets":	63494,
					"lost_percent":	62.7838850915047,
					"omitted":	false,
					"sender":	false
				}],
			"sum":	{
				"start":	9.000038,
				"end":	10.000142,
				"seconds":	1.0001039505004883,
				"bytes":	3024640,
				"bits_per_second":	24194604.958705425,
				"jitter_ms":	0.0550846442011919,
				"lost_packets":	39864,
				"packets":	63494,
				"lost_percent":	62.7838850915047,
				"omitted":	false,
				"sender":	false
			}
		}, {
			"streams":	[{
					"socket":	5,
					"start":	10.000142,
					"end":	11.000144,