{
	"start":	{
		"connected":	[{
				"socket":	5,
				"local_host":	"192.168.0.140",
				"local_port":	5201,
				"remote_host":	"192.168.0.118",
				"remote_port":	38439
			}],
		"version":	"iperf 3.16",
		"system_info":	"Linux nixos 6.1.79 #1-NixOS SMP PREEMPT_DYNAMIC Fri Feb 23 08:12:53 UTC 2024 x86_64",
		"target_bitrate":	100000000,
		"timestamp":	{
			"time":	"Sat, 20 Apr 2024 01:01:06 GMT",
			"timesecs":	1713574866
		},
		"accepted_connection":	{
			"host":	"192.168.0.118",
			"port":	35968
		},
		"cookie":	"nhm27cydjvqsbiztpozaohydozhjeiinim37",
		"target_bitrate":	100000000,
		"fq_rate":	0,
		"sock_bufsize":	0,
		"sndbuf_actual":	212992,
		"rcvbuf_actual":	212992,
		"test_start":	{
			"protocol":	"UDP",
			"num_streams":	1,
			"blksize":	1024,
			"omit":	0,
			"duration":	30,
			"bytes":	0,
			"blocks":	0,
			"reverse":	0,
			"tos":	0,
			"target_bitrate":	100000000,
			"bidir":	0,
			"fqrate":	0
		}
	},
	"intervals":	[{
			"streams":	[{
					"socket":	5,
					"start":	0,
					"end":	1.000015,
					"seconds":	1.0000150203704834,
					"bytes":	102400,
					"bits_per_second":	819187.695497318,
					"jitter_ms":	0.17244497806757272,
					"lost_packets":	340787,
					"packets":	340887,
					"lost_percent":	99.9706647657435,
					"omitted":	false,
					"sender":	false
				}],
			"sum":	{
				"start":	0,
				"end":	1.000015,
				"seconds":	1.0000150203704834,
				"bytes":	102400,
				"bits_per_second":	819187.695497318,
				"jitter_ms":	0.17244497806757272,
				"lost_packets":	340787,
				"packets":	340887,
				"lost_percent":	99.9706647657435,
				"omitted":	false,
				"sender":	false
			}
		}, {
			"streams":	[{
					"socket":	5,
					"start":	1.000015,
					"end":	2.000016,
					"seconds":	1.0000009536743164,
					"bytes":	0,
					"bits_per_second":	0,
					"jitter_ms":	0.17244497806757272,
					"lost_packets":	0,
					"packets":	0,
					"lost_percent":	0,
					"omitted":	false,
					"sender":	false
				}],
			"sum":	{
				"start":	1.000015,
				"end":	2.000016,
				"seconds":	1.0000009536743164,
				"bytes":	0,
				"bits_per_second":	0,
				"jitter_ms":	0.17244497806757272,
				"lost_packets":	0,
				"packets":	0,
				"lost_percent":	0,
				"omitted":	false,
				"sender":	false
			}
		}, {
			"streams":	[{
					"socket":	5,
					"start":	2.000016,
					"end":	3.000015,
					"seconds":	0.99999898672103882,
					"bytes":	0,
					"bits_per_second":	0,
					"jitter_ms":	0.17244497806757272,
					"lost_packets":	0,
					"packets":	0,
					"lost_percent":	0,
					"omitted":	false,
					"sender":	false
				}],
			"sum":	{
				"start":	2.000016,
				"end":	3.000015,
				"seconds":	0.99999898672103882,
				"bytes":	0,
				"bits_per_second":	0,
				"jitter_ms":	0.17244497806757272,
				"lost_packets":	0,
				"packets":	0,
				"lost_percent":	0,
				"omitted":	false,
				"sender":	false
			}
		}, {
			"streams":	[{
					"socket":	5,
					"start":	3.000015,
					"end":	4.000015,
					"seconds":	1,
					"bytes":	0,
					"bits_per_second":	0,
					"jitter_ms":	0.17244497806757272,
					"lost_packets":	0,
					"packets":	0,
					"lost_percent":	0,
					"omitted":	false,
					"sender":	false
				}],
			"sum":	{
				"start":	3.000015,
				"end":	4.000015,
				"seconds":	1,
				"bytes":	0,
				"bits_per_second":	0,
				"jitter_ms":	0.17244497806757272,
				"lost_packets":	0,
				"packets":	0,
				"lost_percent":	0,
				"omitted":	false,
				"sender":	false
			}
		}, {
			"streams":	[{
					"socket":	5,
					"start":	4.000015,
					"end":	5.000015,
					"seconds":	1,
					"bytes":	0,
					"bits_per_second":	0,
					"jitter_ms":	0.17244497806757272,
					"lost_packets":	0,
					"packets":	0,
					"lost_percent":	0,
					"omitted":	false,
					"sender":	false
				}],
			"sum":	{
				"start":	4.000015,
				"end":	5.000015,
				"seconds":	1,
				"bytes":	0,
				"bits_per_second":	0,
				"jitter_ms":	0.17244497806757272,
				"lost_packets":	0,
				"packets":	0,
				"lost_percent":	0,
				"omitted":	false,
				"sender":	false
			}
		}, {
			"streams":	[{
					"socket":	5,
					"start":	5.000015,
					"end":	6.000016,
					"seconds":	1.0000009536743164,
					"bytes":	0,
					"bits_per_second":	0,
					"jitter_ms":	0.17244497806757272,
					"lost_packets":	0,
					"packets":	0,
					"lost_percent":	0,
					"omitted":	false,
					"sender":	false
				}],
			"sum":	{
				"start":	5.000015,
				"end":	6.000016,
				"seconds":	1.0000009536743164,
				"bytes":	0,
				"bits_per_second":	0,
				"jitter_ms":	0.17244497806757272,
				"lost_packets":	0,
				"packets":	0,
				"lost_percent":	0,
				"omitted":	false,
				"sender":	false
			}
		}, {
			"streams":	[{
					"socket":	5,
					"start":	6.000016,
					"end":	7.000015,
					"seconds":	0.99999898672103882,
					"bytes":	0,
					"bits_per_second":	0,
					"jitter_ms":	0.17244497806757272,
					"lost_packets":	0,
					"packets":	0,
					"lost_percent":	0,
					"omitted":	false,
					"sender":	false
				}],
			"sum":	{
				"start":	6.000016,
				"end":	7.000015,
				"seconds":	0.99999898672103882,
				"bytes":	0,
				"bits_per_second":	0,
				"jitter_ms":	0.17244497806757272,
				"lost_packets":	0,
				"packets":	0,
				"lost_percent":	0,
				"omitted":	false,
				"sender":	false
			}
		}, {
			"streams":	[{
					"socket":	5,
					"start":	7.000015,
					"end":	8.000016,
					"seconds":	1.0000009536743164,
					"bytes":	0,
					"bits_per_second":	0,
					"jitter_ms":	0.17244497806757272,
					"lost_packets":	0,
					"packets":	0,
					"lost_percent":	0,
					"omitted":	false,
					"sender":	false
				}],
			"sum":	{
				"start":	7.000015,
				"end":	8.000016,
				"seconds":	1.0000009536743164,
				"bytes":	0,
				"bits_per_second":	0,
				"jitter_ms":	0.17244497806757272,
				"lost_packets":	0,
				"packets":	0,
				"lost_percent":	0,
				"omitted":	false,
				"sender":	false
			}
		}, {
			"streams":	[{
					"socket":	5,
					"start":	8.000016,
					"end":	9.000015,
					"seconds":	0.99999898672103882,
					"bytes":	0,
					"bits_per_second":	0,
					"jitter_ms":	0.17244497806757272,
					"lost_packets":	0,
					"packets":	0,
					"lost_percent":	0,
					"omitted":	false,
					"sender":	false
				}],
			"sum":	{
				"start":	8.000016,
				"end":	9.000015,
				"seconds":	0.99999898672103882,
				"bytes":	0,
				"bits_per_second":	0,
				"jitter_ms":	0.17244497806757272,
				"lost_packets":	0,
				"packets":	0,
				"lost_percent":	0,
				"omitted":	false,
				"sender":	false
			}
		}, {
			"streams":	[{
					"socket":	5,
					"start":	9.000015,
					"end":	10.000015,
					"seconds":	1,
					"bytes":	0,
					"bits_per_second":	0,
					"jitter_ms":	0.17244497806757272,
					"lost_packets":	0,
					"packets":	0,
					"lost_percent":	0,
					"omitted":	false,
					"sender":	false
				}],
			"sum":	{
				"start":	9.000015,
				"end":	10.000015,
				"seconds":	1,
				"bytes":	0,
				"bits_per_second":	0,
				"jitter_ms":	0.17244497806757272,
				"lost_packets":	0,
				"packets":	0,
				"lost_percent":	0,
				"omitted":	false,
				"sender":	false
			}
		}, {
			"streams":	[{
					"socket":	5,
					"start":	10.000015,
					"end":	11.000015,
					"seconds":	1,
					"bytes":	0,
					"bits_per_second":	0,
					"jitter_ms":	0.17244497806757272,
					"lost_packets":	0,
					"packets":	0,
					"lost_percent":	0,
					"omitted":	false,
					"sender":	false
				}],
			"sum":	{
				"start":	10.000015,
				"end":	11.000015,
				"seconds":	1,
				"bytes":	0,
				"bits_per_second":	0,
				"jitter_ms":	0.17244497806757272,
				"lost_packets":	0,
				"packets":	0,
				"lost_percent":	0,
				"omitted":	false,
				"sender":	false
			}
		}, {
			"streams":	[{
					"socket":	5,
					"start":	11.000015,
					"end":	12.000015,
					"seconds":	1,
					"bytes":	0,
					"bits_per_second":	0,
					"jitter_ms":	0.17244497806757272,
					"lost_packets":	0,
					"packets":	0,
					"lost_percent":	0,
					"omitted":	false,
					"sender":	false
				}],
			"sum":	{
				"start":	11.000015,
				"end":	12.000015,
				"seconds":	1,
				"bytes":	0,