{
	"start":	{
		"connected":	[{
				"socket":	5,
				"local_host":	"192.168.0.140",
				"local_port":	5201,
				"remote_host":	"192.168.0.118",
				"remote_port":	49827
			}],
		"version":	"iperf 3.16",
		"system_info":	"Linux nixos 6.1.79 #1-NixOS SMP PREEMPT_DYNAMIC Fri Feb 23 08:12:53 UTC 2024 x86_64",
		"target_bitrate":	80000000,
		"timestamp":	{
			"time":	"Sat, 20 Apr 2024 01:06:08 GMT",
			"timesecs":	1713575168
		},
		"accepted_connection":	{
			"host":	"192.168.0.118",
			"port":	37144
		},
		"cookie":	"at4m7wuwmttxh6dfrtc33ltc46tkyilujmjl",
		"target_bitrate":	80000000,
		"fq_rate":	0,
		"sock_bufsize":	0,
		"sndbuf_actual":	212992,
		"rcvbuf_actual":	212992,
		"test_start":	{
			"protocol":	"UDP",
			"num_streams":	1,
			"blksize":	1024,
			"omit":	0,
			"duration":	30,
			"bytes":	0,
			"blocks":	0,
			"reverse":	0,
			"tos":	0,
			"target_bitrate":	80000000,
			"bidir":	0,
			"fqrate":	0
		}
	},
	"intervals":	[{
			"streams":	[{
					"socket":	5,
					"start":	0,
					"end":	1.000005,
					"seconds":	1.0000050067901611,
					"bytes":	151552,
					"bits_per_second":	1212409.9297178925,
					"jitter_ms":	0.41334913131012163,
					"lost_packets":	292762,
					"packets":	292910,
					"lost_percent":	99.949472534225535,
					"omitted":	false,
					"sender":	false
				}],
			"sum":	{
				"start":	0,
				"end":	1.000005,
				"seconds":	1.0000050067901611,
				"bytes":	151552,
				"bits_per_second":	1212409.9297178925,
				"jitter_ms":	0.41334913131012163,
				"lost_packets":	292762,
				"packets":	292910,
				"lost_percent":	99.949472534225535,
				"omitted":	false,
				"sender":	false
			}
		}, {
			"streams":	[{
					"socket":	5,
					"start":	1.000005,
					"end":	2.000004,
					"seconds":	0.99999898672103882,
					"bytes":	0,
					"bits_per_second":	0,
					"jitter_ms":	0.41334913131012163,
					"lost_packets":	0,
					"packets":	0,
					"lost_percent":	0,
					"omitted":	false,
					"sender":	false
				}],
			"sum":	{
				"start":	1.000005,
				"end":	2.000004,
				"seconds":	0.99999898672103882,
				"bytes":	0,
				"bits_per_second":	0,
				"jitter_ms":	0.41334913131012163,
				"lost_packets":	0,
				"packets":	0,
				"lost_percent":	0,
				"omitted":	false,
				"sender":	false
			}
		}, {
			"streams":	[{
					"socket":	5,
					"start":	2.000004,
					"end":	3.000004,
					"seconds":	1,
					"bytes":	0,
					"bits_per_second":	0,
					"jitter_ms":	0.41334913131012163,
					"lost_packets":	0,
					"packets":	0,
					"lost_percent":	0,
					"omitted":	false,
					"sender":	false
				}],
			"sum":	{
				"start":	2.000004,
				"end":	3.000004,
				"seconds":	1,
				"bytes":	0,
				"bits_per_second":	0,
				"jitter_ms":	0.41334913131012163,
				"lost_packets":	0,
				"packets":	0,
				"lost_percent":	0,
				"omitted":	false,
				"sender":	false
			}
		}, {
			"streams":	[{
					"socket":	5,
					"start":	3.000004,
					"end":	4.000004,
					"seconds":	1,
					"bytes":	0,
					"bits_per_second":	0,
					"jitter_ms":	0.41334913131012163,
					"lost_packets":	0,
					"packets":	0,
					"lost_percent":	0,
					"omitted":	false,
					"sender":	false
				}],
			"sum":	{
				"start":	3.000004,
				"end":	4.000004,
				"seconds":	1,
				"bytes":	0,
				"bits_per_second":	0,
				"jitter_ms":	0.41334913131012163,
				"lost_packets":	0,
				"packets":	0,
				"lost_percent":	0,
				"omitted":	false,
				"sender":	false
			}
		}, {
			"streams":	[{
					"socket":	5,
					"start":	4.000004,
					"end":	5.000013,
					"seconds":	1.0000089406967163,
					"bytes":	0,
					"bits_per_second":	0,
					"jitter_ms":	0.41334913131012163,
					"lost_packets":	0,
					"packets":	0,
					"lost_percent":	0,
					"omitted":	false,
					"sender":	false
				}],
			"sum":	{
				"start":	4.000004,
				"end":	5.000013,
				"seconds":	1.0000089406967163,
				"bytes":	0,
				"bits_per_second":	0,
				"jitter_ms":	0.41334913131012163,
				"lost_packets":	0,
				"packets":	0,
				"lost_percent":	0,
				"omitted":	false,
				"sender":	false
			}
		}, {
			"streams":	[{
					"socket":	5,
					"start":	5.000013,
					"end":	6.000004,
					"seconds":	0.999990999698639,
					"bytes":	0,
					"bits_per_second":	0,
					"jitter_ms":	0.41334913131012163,
					"lost_packets":	0,
					"packets":	0,
					"lost_percent":	0,
					"omitted":	false,
					"sender":	false
				}],
			"sum":	{
				"start":	5.000013,
				"end":	6.000004,
				"seconds":	0.999990999698639,
				"bytes":	0,
				"bits_per_second":	0,
				"jitter_ms":	0.41334913131012163,
				"lost_packets":	0,
				"packets":	0,
				"lost_percent":	0,
				"omitted":	false,
				"sender":	false
			}
		}, {
			"streams":	[{
					"socket":	5,
					"start":	6.000004,
					"end":	7.000004,
					"seconds":	1,
					"bytes":	0,
					"bits_per_second":	0,
					"jitter_ms":	0.41334913131012163,
					"lost_packets":	0,
					"packets":	0,
					"lost_percent":	0,
					"omitted":	false,
					"sender":	false
				}],
			"sum":	{
				"start":	6.000004,
				"end":	7.000004,
				"seconds":	1,
				"bytes":	0,
				"bits_per_second":	0,
				"jitter_ms":	0.41334913131012163,
				"lost_packets":	0,
				"packets":	0,
				"lost_percent":	0,
				"omitted":	false,
				"sender":	false
			}
		}, {
			"streams":	[{
					"socket":	5,
					"start":	7.000004,
					"end":	8.000004,
					"seconds":	1,
					"bytes":	0,
					"bits_per_second":	0,
					"jitter_ms":	0.41334913131012163,
					"lost_packets":	0,
					"packets":	0,
					"lost_percent":	0,
					"omitted":	false,
					"sender":	false
				}],
			"sum":	{
				"start":	7.000004,
				"end":	8.000004,
				"seconds":	1,
				"bytes":	0,
				"bits_per_second":	0,
				"jitter_ms":	0.41334913131012163,
				"lost_packets":	0,
				"packets":	0,
				"lost_percent":	0,
				"omitted":	false,
				"sender":	false
			}
		}, {
			"streams":	[{
					"socket":	5,
					"start":	8.000004,
					"end":	9.000003,
					"seconds":	0.99999898672103882,
					"bytes":	0,
					"bits_per_second":	0,
					"jitter_ms":	0.41334913131012163,
					"lost_packets":	0,
					"packets":	0,
					"lost_percent":	0,
					"omitted":	false,
					"sender":	false
				}],
			"sum":	{
				"start":	8.000004,
				"end":	9.000003,
				"seconds":	0.99999898672103882,
				"bytes":	0,
				"bits_per_second":	0,
				"jitter_ms":	0.41334913131012163,
				"lost_packets":	0,
				"packets":	0,
				"lost_percent":	0,
				"omitted":	false,
				"sender":	false
			}
		}, {
			"streams":	[{
					"socket":	5,
					"start":	9.000003,
					"end":	10.000005,
					"seconds":	1.0000020265579224,
					"bytes":	0,
					"bits_per_second":	0,
					"jitter_ms":	0.41334913131012163,
					"lost_packets":	0,
					"packets":	0,
					"lost_percent":	0,
					"omitted":	false,
					"sender":	false
				}],
			"sum":	{
				"start":	9.000003,
				"end":	10.000005,
				"seconds":	1.0000020265579224,
				"bytes":	0,
				"bits_per_second":	0,
				"jitter_ms":	0.41334913131012163,
				"lost_packets":	0,
				"packets":	0,
				"lost_percent":	0,
				"omitted":	false,
				"sender":	false
			}
		}, {
			"streams":	[{
					"socket":	5,
					"start":	10.000005,
					"end":	11.000004,
					"seconds":	0.99999898672103882,
					"bytes":	0,
					"bits_per_second":	0,
					"jitter_ms":	0.41334913131012163,
					"lost_packets":	0,
					"packets":	0,
					"lost_percent":	0,
					"omitted":	false,
					"sender":	false
				}],
			"sum":	{
				"start":	10.000005,
				"end":	11.000004,
				"seconds":	0.99999898672103882,
				"bytes":	0,
				"bits_per_second":	0,
				"jitter_ms":	0.41334913131012163,
				"lost_packets":	0,
				"packets":	0,
				"lost_percent":	0,
				"omitted":	false,
				"sender":	false
			}
		}, {
			"streams":	[{
					"socket":	5,
					"start":	11.000004,
					"end":	12.000005,
					"seconds":	1.0000009536743164,
					"bytes":	0,
					"bits_per_second":	0,
					"jitter_ms":	0.41334913131012163,
					"lost_packets":	0,
					"packets":	0,
					"lost_percent":	0,
					"omitted":	false,
					"sender":	false
				}],
			"sum":	{
				"start":	11.000004,
				"end":	12.000005,
				"seconds":	1.0000009536743164,