{
	"start":	{
		"connected":	[{
				"socket":	5,
				"local_host":	"192.168.0.140",
				"local_port":	5201,
				"remote_host":	"192.168.0.118",
				"remote_port":	38603
			}],
		"version":	"iperf 3.16",
		"system_info":	"Linux nixos 6.1.79 #1-NixOS SMP PREEMPT_DYNAMIC Fri Feb 23 08:12:53 UTC 2024 x86_64",
		"target_bitrate":	100000000,
		"timestamp":	{
			"time":	"Sat, 20 Apr 2024 01:15:16 GMT",
			"timesecs":	1713575716
		},
		"accepted_connection":	{
			"host":	"192.168.0.118",
			"port":	38186
		},
		"cookie":	"exhmxt2evdlecnue2s4wg5kotxbn7we4cctd",
		"target_bitrate":	100000000,
		"fq_rate":	0,
		"sock_bufsize":	0,
		"sndbuf_actual":	212992,
		"rcvbuf_actual":	212992,
		"test_start":	{
			"protocol":	"UDP",
			"num_streams":	1,
			"blksize":	1280,
			"omit":	0,
			"duration":	30,
			"bytes":	0,
			"blocks":	0,
			"reverse":	0,
			"tos":	0,
			"target_bitrate":	100000000,
			"bidir":	0,
			"fqrate":	0
		}
	},
	"intervals":	[{
			"streams":	[{
					"socket":	5,
					"start":	0,
					"end":	1.000005,
					"seconds":	1.0000050067901611,
					"bytes":	131840,
					"bits_per_second":	1054714.7192647208,
					"jitter_ms":	0.20839598107196905,
					"lost_packets":	277595,
					"packets":	277698,
					"lost_percent":	99.9629093475646,
					"omitted":	false,
					"sender":	false
				}],
			"sum":	{
				"start":	0,
				"end":	1.000005,
				"seconds":	1.0000050067901611,
				"bytes":	131840,
				"bits_per_second":	1054714.7192647208,
				"jitter_ms":	0.20839598107196905,
				"lost_packets":	277595,
				"packets":	277698,
				"lost_percent":	99.9629093475646,
				"omitted":	false,
				"sender":	false
			}
		}, {
			"streams":	[{
					"socket":	5,
					"start":	1.000005,
					"end":	2.000004,
					"seconds":	0.99999898672103882,
					"bytes":	0,
					"bits_per_second":	0,
					"jitter_ms":	0.20839598107196905,
					"lost_packets":	0,
					"packets":	0,
					"lost_percent":	0,
					"omitted":	false,
					"sender":	false
				}],
			"sum":	{
				"start":	1.000005,
				"end":	2.000004,
				"seconds":	0.99999898672103882,
				"bytes":	0,
				"bits_per_second":	0,
				"jitter_ms":	0.20839598107196905,
				"lost_packets":	0,
				"packets":	0,
				"lost_percent":	0,
				"omitted":	false,
				"sender":	false
			}
		}, {
			"streams":	[{
					"socket":	5,
					"start":	2.000004,
					"end":	3.000005,
					"seconds":	1.0000009536743164,
					"bytes":	0,
					"bits_per_second":	0,
					"jitter_ms":	0.20839598107196905,
					"lost_packets":	0,
					"packets":	0,
					"lost_percent":	0,
					"omitted":	false,
					"sender":	false
				}],
			"sum":	{
				"start":	2.000004,
				"end":	3.000005,
				"seconds":	1.0000009536743164,
				"bytes":	0,
				"bits_per_second":	0,
				"jitter_ms":	0.20839598107196905,
				"lost_packets":	0,
				"packets":	0,
				"lost_percent":	0,
				"omitted":	false,
				"sender":	false
			}
		}, {
			"streams":	[{
					"socket":	5,
					"start":	3.000005,
					"end":	4.000005,
					"seconds":	1,
					"bytes":	0,
					"bits_per_second":	0,
					"jitter_ms":	0.20839598107196905,
					"lost_packets":	0,
					"packets":	0,
					"lost_percent":	0,
					"omitted":	false,
					"sender":	false
				}],
			"sum":	{
				"start":	3.000005,
				"end":	4.000005,
				"seconds":	1,
				"bytes":	0,
				"bits_per_second":	0,
				"jitter_ms":	0.20839598107196905,
				"lost_packets":	0,
				"packets":	0,
				"lost_percent":	0,
				"omitted":	false,
				"sender":	false
			}
		}, {
			"streams":	[{
					"socket":	5,
					"start":	4.000005,
					"end":	5.000004,
					"seconds":	0.99999898672103882,
					"bytes":	0,
					"bits_per_second":	0,
					"jitter_ms":	0.20839598107196905,
					"lost_packets":	0,
					"packets":	0,
					"lost_percent":	0,
					"omitted":	false,
					"sender":	false
				}],
			"sum":	{
				"start":	4.000005,
				"end":	5.000004,
				"seconds":	0.99999898672103882,
				"bytes":	0,
				"bits_per_second":	0,
				"jitter_ms":	0.20839598107196905,
				"lost_packets":	0,
				"packets":	0,
				"lost_percent":	0,
				"omitted":	false,
				"sender":	false
			}
		}, {
			"streams":	[{
					"socket":	5,
					"start":	5.000004,
					"end":	6.000004,
					"seconds":	1,
					"bytes":	0,
					"bits_per_second":	0,
					"jitter_ms":	0.20839598107196905,
					"lost_packets":	0,
					"packets":	0,
					"lost_percent":	0,
					"omitted":	false,
					"sender":	false
				}],
			"sum":	{
				"start":	5.000004,
				"end":	6.000004,
				"seconds":	1,
				"bytes":	0,
				"bits_per_second":	0,
				"jitter_ms":	0.20839598107196905,
				"lost_packets":	0,
				"packets":	0,
				"lost_percent":	0,
				"omitted":	false,
				"sender":	false
			}
		}, {
			"streams":	[{
					"socket":	5,
					"start":	6.000004,
					"end":	7.000005,
					"seconds":	1.0000009536743164,
					"bytes":	0,
					"bits_per_second":	0,
					"jitter_ms":	0.20839598107196905,
					"lost_packets":	0,
					"packets":	0,
					"lost_percent":	0,
					"omitted":	false,
					"sender":	false
				}],
			"sum":	{
				"start":	6.000004,
				"end":	7.000005,
				"seconds":	1.0000009536743164,
				"bytes":	0,
				"bits_per_second":	0,
				"jitter_ms":	0.20839598107196905,
				"lost_packets":	0,
				"packets":	0,
				"lost_percent":	0,
				"omitted":	false,
				"sender":	false
			}
		}, {
			"streams":	[{
					"socket":	5,
					"start":	7.000005,
					"end":	8.000004,
					"seconds":	0.99999898672103882,
					"bytes":	0,
					"bits_per_second":	0,
					"jitter_ms":	0.20839598107196905,
					"lost_packets":	0,
					"packets":	0,
					"lost_percent":	0,
					"omitted":	false,
					"sender":	false
				}],
			"sum":	{
				"start":	7.000005,
				"end":	8.000004,
				"seconds":	0.99999898672103882,
				"bytes":	0,
				"bits_per_second":	0,
				"jitter_ms":	0.20839598107196905,
				"lost_packets":	0,
				"packets":	0,
				"lost_percent":	0,
				"omitted":	false,
				"sender":	false
			}
		}, {
			"streams":	[{
					"socket":	5,
					"start":	8.000004,
					"end":	9.000005,
					"seconds":	1.0000009536743164,
					"bytes":	0,
					"bits_per_second":	0,
					"jitter_ms":	0.20839598107196905,
					"lost_packets":	0,
					"packets":	0,
					"lost_percent":	0,
					"omitted":	false,
					"sender":	false
				}],
			"sum":	{
				"start":	8.000004,
				"end":	9.000005,
				"seconds":	1.0000009536743164,
				"bytes":	0,
				"bits_per_second":	0,
				"jitter_ms":	0.20839598107196905,
				"lost_packets":	0,
				"packets":	0,
				"lost_percent":	0,
				"omitted":	false,
				"sender":	false
			}
		}, {
			"streams":	[{
					"socket":	5,
					"start":	9.000005,
					"end":	10.000003,
					"seconds":	0.99999797344207764,
					"bytes":	0,
					"bits_per_second":	0,
					"jitter_ms":	0.20839598107196905,
					"lost_packets":	0,
					"packets":	0,
					"lost_percent":	0,
					"omitted":	false,
					"sender":	false
				}],
			"sum":	{
				"start":	9.000005,
				"end":	10.000003,
				"seconds":	0.99999797344207764,
				"bytes":	0,
				"bits_per_second":	0,
				"jitter_ms":	0.20839598107196905,
				"lost_packets":	0,
				"packets":	0,
				"lost_percent":	0,
				"omitted":	false,
				"sender":	false
			}
		}, {
			"streams":	[{
					"socket":	5,
					"start":	10.000003,
					"end":	11.000004,
					"seconds":	1.0000009536743164,
					"bytes":	0,
					"bits_per_second":	0,
					"jitter_ms":	0.20839598107196905,
					"lost_packets":	0,
					"packets":	0,
					"lost_percent":	0,
					"omitted":	false,
					"sender":	false
				}],
			"sum":	{
				"start":	10.000003,
				"end":	11.000004,
				"seconds":	1.0000009536743164,
				"bytes":	0,
				"bits_per_second":	0,
				"jitter_ms":	0.20839598107196905,
				"lost_packets":	0,
				"packets":	0,
				"lost_percent":	0,
				"omitted":	false,
				"sender":	false
			}
		}, {
			"streams":	[{
					"socket":	5,
					"start":	11.000004,
					"end":	12.000003,
					"seconds":	0.99999898672103882,
					"bytes":	0,
					"bits_per_second":	0,
					"jitter_ms":	0.20839598107196905,
					"lost_packets":	0,
					"packets":	0,
					"lost_percent":	0,
					"omitted":	false,
					"sender":	false
				}],